{"cameraMode":{"drawMode":0,"name":"Shaded","section":"Shading Mode"},"sceneLighting":false,"audioPlay":false,"sceneViewState":{"m_AlwaysRefresh":false,"showFog":false,"showSkybox":false,"showFlares":false,"showImageEffects":false,"showParticleSystems":false,"showVisualEffectGraphs":true,"m_FxEnabled":true},"in2DMode":false,"pivot":{"x":0.045945942401885989,"y":0.46873393654823305,"z":-0.26737362146377566},"rotation":{"x":0.27293914556503298,"y":0.1606760323047638,"z":-0.04629005864262581,"w":0.9473891258239746},"size":1.182464838027954,"orthographic":true}