{"cameraMode":{"drawMode":0,"name":"Shaded","section":"Shading Mode"},"sceneLighting":false,"audioPlay":false,"sceneViewState":{"m_AlwaysRefresh":false,"showFog":false,"showSkybox":false,"showFlares":false,"showImageEffects":false,"showParticleSystems":false,"showVisualEffectGraphs":true,"m_FxEnabled":true},"in2DMode":false,"pivot":{"x":0.00007396936416625977,"y":0.7351607084274292,"z":0.023887664079666139},"rotation":{"x":0.3163503408432007,"y":-0.10642259567975998,"z":0.03574061766266823,"w":0.9419823288917542},"size":1.1800870895385743,"orthographic":false}