{"cameraMode":{"drawMode":0,"name":"Shaded","section":"Shading Mode"},"sceneLighting":true,"audioPlay":false,"sceneViewState":{"m_AlwaysRefresh":false,"showFog":true,"showSkybox":true,"showFlares":true,"showImageEffects":true,"showParticleSystems":true,"showVisualEffectGraphs":true,"m_FxEnabled":true},"in2DMode":false,"pivot":{"x":-2.502046585083008,"y":3.403599500656128,"z":-0.923926830291748},"rotation":{"x":-0.3630026578903198,"y":0.047767847776412967,"z":-0.018636563792824746,"w":-0.9303803443908691},"size":0.9339744448661804,"orthographic":false}