{"cameraMode":{"drawMode":0,"name":"Shaded","section":"Shading Mode"},"sceneLighting":true,"audioPlay":false,"sceneViewState":{"m_AlwaysRefresh":false,"showFog":true,"showSkybox":true,"showFlares":true,"showImageEffects":true,"showParticleSystems":true,"showVisualEffectGraphs":true,"m_FxEnabled":true},"in2DMode":false,"pivot":{"x":45.23279571533203,"y":2.5536437034606935,"z":47.373252868652347},"rotation":{"x":0.09108313173055649,"y":0.29132235050201418,"z":-0.027876200154423715,"w":0.9518711566925049},"size":0.8660253882408142,"orthographic":false}