{"cameraMode":{"drawMode":0,"name":"Shaded","section":"Shading Mode"},"sceneLighting":false,"audioPlay":false,"sceneViewState":{"m_AlwaysRefresh":false,"showFog":false,"showSkybox":false,"showFlares":false,"showImageEffects":false,"showParticleSystems":false,"showVisualEffectGraphs":true,"m_FxEnabled":true},"in2DMode":false,"pivot":{"x":0.03553992509841919,"y":0.7888085842132568,"z":0.017402708530426027},"rotation":{"x":0.27293914556503298,"y":0.1606760323047638,"z":-0.04629005864262581,"w":0.9473891258239746},"size":0.8660253882408142,"orthographic":true}